id,smiles,notes,params_json
14977545,C1=CC=C(C(=C1)C(=O)NCCN)F,,
14984051,COC1=C2C(=CC=C1)S(=O)(=O)NC2=O,,
14985618,CN(CCCCN1C(=O)C2=CC=CC=C2C1=O)CC3=CC=CC=C3,,
14991342,C#CCN(CC1=CC2=C(C=C1)N=C(C=C2Cl)C(F)(F)F)C3=CC=C(C=C3)C(=O)N[C@@H](CCC(=O)O)C(=O)O,,
14991347,C#CCN(CC1=CC2=C(C=C1)N=C(C=C2Cl)N)C3=CC=C(C=C3)C(=O)N[C@@H](CCC(=O)O)C(=O)O,,
14991349,C#CCN(CC1=CC2=C(C=C1)N=C(C=C2Cl)Cl)C3=CC=C(C=C3)C(=O)N[C@@H](CCC(=O)O)C(=O)O,,
14991352,COC1=CC(=NC2=C1C=C(C=C2)CN(CC#C)C3=CC=C(C=C3)C(=O)N[C@@H](CCC(=O)O)C(=O)O)Cl,,
14991353,CC1=CC(=NC2=C1C=C(C=C2)CN(CC#C)C3=CC=C(C=C3)C(=O)N[C@@H](CCC(=O)O)C(=O)O)N,,
14991355,CC1=CC(=C2C=C(C=CC2=N1)CN(CC#C)C3=CC(=C(C=C3)C(=O)N[C@@H](CCC(=O)O)C(=O)O)F)Cl,,
14991356,CC1=CC(=C2C=C(C=CC2=N1)CN(CC#C)C3=CC(=C(C=C3)C(=O)N[C@@H](CCC(=O)O)C(=O)O)F)Br,,
14991357,C#CCN(CC1=CC2=C(C=C1)N=C(C=C2Cl)Cl)C3=CC(=C(C=C3)C(=O)N[C@@H](CCC(=O)O)C(=O)O)F,,
14998848,C1CN(CC(N1)CNC(=O)C2=CC=C(C=C2)N3C=CN=C3)C4=CC=CC=C4,,
14998850,COC1=CC=CC=C1N2CCNC(C2)CNC(=O)C3=CC=C(C=C3)NS(=O)(=O)C,,
14998858,CS(=O)(=O)NC1=CC=C(C=C1)C(=O)NCC2CN(CCN2)C3=CC(=CC=C3)Cl,,
15013719,COC1=C(C=CC(=C1)C(=O)NS(=O)(=O)C2=CC=CC=C2)CN3C=C(C4=C3C=C(C=C4)NC(=O)OC5CCCC5)Cl,,
15013729,CC1=CC=CC=C1S(=O)(=O)NC(=O)C2=CC(=C(C=C2)CN3C=C(C4=C3C=C(C=C4)NC(=O)CC5CCCC5)C)OC,,
15013736,COC1=C(C=CC(=C1)C(=O)NS(=O)(=O)C2=CC=CC=C2)CN3C=C(C4=C3C=C(C=C4)NC(=O)CC5CCCC5)CCC(=O)OC,,
15013737,COC1=C(C=CC(=C1)C(=O)NS(=O)(=O)C2=CC=CC=C2)CN3C=C(C4=C3C=C(C=C4)NC(=O)CC5CCCC5)CCC(=O)O,,
15013740,CC(=O)C1=CN(C2=C1C=CC(=C2)NC(=O)OC3CCCC3)CC4=C(C=C(C=C4)C(=O)NS(=O)(=O)C5=CC=CC=C5)OC,,
15013741,CCCC(=O)C1=CN(C2=C1C=CC(=C2)NC(=O)CC3CCCC3)CC4=C(C=C(C=C4)C(=O)NS(=O)(=O)C5=CC=CC=C5)OC,,
15013744,CNC(=O)CCC1=CN(C2=C1C=CC(=C2)NC(=O)CC3CCCC3)CC4=C(C=C(C=C4)C(=O)NS(=O)(=O)C5=CC=CC=C5)OC,,
15013749,COC1=C(C=CC(=C1)C(=O)NS(=O)(=O)C2=CC=CC=C2)CN3C=CC4=C3C=C(C=C4)C(=O)NCC5CCCC5,,
15013772,CCN(CC)C(=O)CCN1C=C(C2=C1C=CC(=C2)C(=O)NCC3CCCC3)CC4=C(C=C(C=C4)C(=O)NS(=O)(=O)C5=CC=CC=C5C)OC,,
15013775,CC1=CC=CC=C1S(=O)(=O)NC(=O)C2=CC(=C(C=C2)CC3=CN(C4=C3C=C(C=C4)C(=O)NCC5CCCC5)C(C)C(=O)N(C)C)OC,,
15013783,CC1=CC=CC=C1S(=O)(=O)NC(=O)C2=CC(=C(C=C2)CN3C=C(C4=C3C=C(C=C4)C(=O)NCC5CCCC5)CCC(=O)NC)OC,,
15013784,CC1=CC=CC=C1S(=O)(=O)NC(=O)C2=CC(=C(C=C2)CN3C=C(C4=C3C=C(C=C4)C(=O)NCC5CCCC5)CCC(=O)N6CCOCC6)OC,,
15013785,CC1=CC=CC=C1S(=O)(=O)NC(=O)C2=CC(=C(C=C2)CN3C=C(C4=C3C=C(C=C4)C(=O)NCC5CCCC5)CCC(=O)N6CCCC6)OC,,
15013791,CC1=CC=CC=C1S(=O)(=O)NC(=O)C2=CC(=C(C=C2)CN3C=C(C4=C3C=C(C=C4)C(=O)NCC5CCCC5)CC(C)C(=O)N(C)C)OC,,
15041229,CC1=C(C(C(=C(N1)C)C(=O)OC(C)C)C2=CC(=CC=C2)[N+](=O)[O-])C(=O)OCCN3C(=O)C4=CC=CC=C4S3(=O)=O,,
15041230,CC1=C(C(C(=C(N1)C)C(=O)OC(C)C)C2=CC(=CC=C2)[N+](=O)[O-])C(=O)OCCCN3C(=O)C4=CC=CC=C4S3(=O)=O,,
15041244,CC1=C(C(C(=C(N1)C)C(=O)OC(C)(C)C)C2=CC=CC=C2[N+](=O)[O-])C(=O)OCCN3C(=O)C4=CC=CC=C4S3(=O)=O,,
15041256,CC1=C(C(C(=C(N1)C)C(=O)OC(C)C)C2=C(C(=CC=C2)Cl)Cl)C(=O)OCCN3C(=O)C4=CC=CC=C4S3(=O)=O,,
15041266,CCOC(=O)C1=C(NC(=C(C1C2=CC=CC=C2C(F)(F)F)C(=O)OCCCN3C(=O)C4=CC=CC=C4S3(=O)=O)C)C,,
15041267,CC1=C(C(C(=C(N1)C)C(=O)OC(C)C)C2=CC=CC=C2C(F)(F)F)C(=O)OCCN3C(=O)C4=CC=CC=C4S3(=O)=O,,
15045457,C1CC(CCC1CCN2CCN(CC2)C3=CC=CC=N3)NC(=O)C4=CC=CC=C4,,
15050941,C1CN(CCN1CC2=CC=CC=C2)CC(=O)N3C4=CC=CC=C4C(=O)NC5=C3N=CC=C5,,
15086398,C1=CC(=CC=C1CCNC(=O)C2=C(C(=C3C=C(C(=CC3=C2)O)O)C4=CC(=C(C=C4)O)O)C(=O)NCCC5=CC=C(C=C5)O)O,,
15087130,C1=CC=C(C=C1)CCCOC2=CC=C(C=C2)C(=O)NC3=CC=CC4=C3OC(=CC4=O)C5=NNN=N5,,
15095972,COC1=CC(=C(C=C1C(=O)NCC2CCN3C2CCC3)Cl)N,,
15104597,CCCCCN(CCCCC)C(=O)[C@@H](CC1=CNC2=CC=CC=C21)NC(=O)C3=CC=C(C=C3)Cl,,
15104608,CCCCCN(CCCCC)C(=O)[C@@H](CC1=CNC2=CC=CC=C21)NC(=O)C3=CC4=C(C=C3)N=CC=C4,,
15105748,CN(C(=O)C1=CC=C(C=C1)OC)OC,,
15133821,C1=CC=C2C(=C1)C(=NN(C2=O)CC3=NC(=NO3)C4=CC=CC=C4C(F)(F)F)CC(=O)O,,
15133827,C1=CC=C2C(=C1)C(=NN(C2=O)CC3=NC(=NO3)C4=CC=CC=N4)CC(=O)O,,
15133831,C1=CC=C2C(=C1)C(=NN(C2=O)CC3=NC4=C(O3)C=CC(=C4)Cl)CC(=O)O,,
15133833,C1=CC=C2C(=C1)C(=NN(C2=O)CC3=NC4=C(O3)C=CC(=C4)C(F)(F)F)CC(=O)O,,
15133835,C1=CC=C2C(=C1)C(=NN(C2=O)CC3=NC4=C(O3)C(=CC(=C4)F)F)CC(=O)O,,
15133836,C1=CC=C2C(=C1)C(=NN(C2=O)CC3=NC4=C(O3)C(=CC(=C4)Cl)Cl)CC(=O)O,,
15138810,CC1=CC(=C2C=C(C=CC2=N1)CN(CC#C)C3=CC(=C(C=C3)C(=O)N[C@@H](CCC(=O)N[C@@H](CCC(=O)N[C@@H](CCC(=O)O)C(=O)O)C(=O)O)C(=O)O)F)Cl.C(=O)(C(F)(F)F)O,,
15149416,C1CC2C3=C(CC1N2CCCN4C(=O)C5=CC=CC=C5C4=O)NC6=C3C=C(C=C6)F,,
15153354,CN1CCC(CC1)CCN2C(=O)C3=CC=CC=C3C2=O,,
15157517,CCN(CCCCCN1C(=O)C2=C(C1=O)C=C(C=C2)[N+](=O)[O-])CC3=CC(=CC=C3)OC(=O)NC,,
15164803,CNC(=O)C1=CC=C(C=C1)C(F)(F)F,,
15167693,CCCC1=CC(=C(C=C1)OC)C(=O)NC[C@@H]2CCCN2CC,,
15167698,CCC1=CC(=C(C=C1)OC)C(=O)NC[C@@H]2CCCN2CC,,
15167701,CCCC1=CC(=C(C(=C1)O)OC)C(=O)NC[C@@H]2CCCN2CC,,
15167702,COC1=C(C=C(C(=C1C(=O)NC2CCN(CC2)CC3=CC=CC=C3)O)Cl)Cl,,
15167710,COC1=CC(=CC(=C1OC)C(=O)NC2CCN(CC2)CC3=CC=CC=C3)Br,,
15167739,COC1=C(C(=C(C=C1)Br)O)C(=O)NC2CCN(CC2)CC3=CC=CC=C3,,
15167744,COC1=CC(=C(C(=C1OC)C(=O)NC2CCN(CC2)CC3=CC=CC=C3)O)Br,,
15167754,CCC1=CC(=C(C(=C1O)C(=O)NC2CCN(CC2)CC3=CC=CC=C3)OC)Cl,,
15167812,CN1C2=CC=CC=C2C(=[N+](C(C1=O)NC(=O)C3=CC=C(C=C3)Cl)[O-])C4=CC=CC=C4F,,
15168506,C1[C@@H](C2=C(C=C(C=C2Cl)Cl)N[C@H]1C(=O)O)NC(=O)C3=CC=CC=C3,,
15169676,CSCN(CC1=CC=C(C=C1)S(=O)(=O)C2=CC=CC=C2)C3=C4C=CC=C5C4=C(C=C3)NC5=O,,
15169680,CCN(CC1=CC=C(C=C1)S(=O)(=O)C2=CC=CC=C2)C3=C4C=CC=C5C4=C(C=C3)NC5=O,,
15169932,C1=CC(=C(C=C1C(=O)N)Br)O,,
15170328,C1CCC2(CC1)CC3=C(O2)C(=CC(=C3)Cl)C(=O)NC4CN5CCC4CC5,,
15170329,C1CCC2(CC1)CC3=C(O2)C(=CC(=C3)Cl)C(=O)N[C@H]4CN5CCC4CC5,,
15207867,C1=CC=C(C(=C1)C2=NC3=CC=CC=C3O2)[N+](=O)[O-],,
15209799,C1N(C(=O)C2=CC=CC=C2O1)CCCCCO[N+](=O)[O-],,
15209800,C1N(C(=O)C2=C(O1)C=C(C=C2)Cl)CCO[N+](=O)[O-],,
15214194,CN1C(=C(C2=C(C1=O)C=CC(=C2)Cl)C3=CC=CC=C3)C(=O)N(C)CC4=CC(=CC(=C4)C(F)(F)F)C(F)(F)F,,
15219883,C1=CC2=C(C=C1Cl)NNC2=O,,
15224271,CCCCCOC1=CC=C(C=C1)C2=CC=C(C=C2)C3=CC=C(C=C3)C(=O)NC4CC(C(NC(=O)C5C(C(CN5C(=O)C(NC(=O)C(NC(=O)C6CC(CN6C(=O)C(NC4=O)C(C)O)O)C(C(C7=CC=C(C=C7)O)O)O)C(C)O)C)O)O)O,,
15230194,C1=CC=C(C=C1)N2C(=NN=N2)SCN3C(=O)C4=CC=CC=C4S3(=O)=O,,
15231091,CCCCC1=NC2=C(C=C(C=C2)N(C)C(=O)OCC(C)C)C(=O)N1CC3=CC=C(C=C3)C4=CC=CC=C4C5=NNN=N5,,
15231386,C1CN(CCC1=CC2=CC=C(C=C2)C3=NCCO3)C(=O)C4=CC=C(C=C4)C(F)(F)F,,
15231425,CCCCS(=O)(=O)NC(CCCC1=CC2=C(C=C1)NC(=O)N(C2=O)CCC3CCNCC3)C(=O)O,,
15231426,CCCCS(=O)(=O)NC(CNC(=O)C1=CC2=C(C=C1)NC(=O)N(C2=O)CCC3CCNCC3)C(=O)O,,
15231431,CCCCS(=O)(=O)NC(CCCC1=CC2=C(C=C1)N(C(=O)N(C2=O)CCC3CCNCC3)C)C(=O)O,,
15232471,COC1=C(C=C(C2=CC=CC=C21)Br)C(=O)NCCN3CCN(CC3)C4=CC=CC=N4,,
15232472,COC1=CC=CC=C1N2CCN(CC2)CCNC(=O)C3=C(C4=CC=CC=C4C(=C3)Br)OC,,
15232474,CC1=CC=CC=C1N2CCN(CC2)CCNC(=O)C3=C(C4=CC=CC=C4C(=C3)Br)OC,,
15232475,CC1=C(C(=CC=C1)N2CCN(CC2)CCNC(=O)C3=C(C4=CC=CC=C4C(=C3)Br)OC)C,,
15232476,COC1=C(C=C(C2=CC=CC=C21)Br)C(=O)NCCN3CCN(CC3)C4=CC=CC=C4Cl,,
15232477,COC1=C(C=C(C2=CC=CC=C21)Br)C(=O)NCCN3CCN(CC3)C4=CC(=CC=C4)Cl,,
15232479,CC1=C(C=CC=C1Cl)N2CCN(CC2)CCNC(=O)C3=C(C4=CC=CC=C4C(=C3)Br)OC,,
15232480,CCOC1=C(C=C(C2=CC=CC=C21)Br)C(=O)NCCN3CCN(CC3)C4=CC=CC=C4OC,,
15232481,CCOC1=C(C=C(C2=CC=CC=C21)Br)C(=O)NCCN3CCN(CC3)C4=CC=CC=N4,,
15233933,CCCCC1=NC2=C(C=C(C=C2)[C@]3(C[C@H]4CCCN4O3)C)C(=O)N1CC5=CC=C(C=C5)C6=CC=CC=C6C7=NNN=N7,,
15234114,CC(C)(CC(=O)N[C@@H]1CCC2=CC=CC=C2N(C1=O)CC3=CC=C(C=C3)C4=CC=CC=C4C(=O)N)N,,
15237280,CCCC1=C(C=CC2=C1OC(CC2)C(=O)O)OCCCOC3=C(C(=C(C=C3)C(=O)NC)OC)CC4CC4,,
15240549,CN(C)C(=O)C1=C(C=C(C=C1)NC=O)S(=O)(=O)N,,
15240820,CC1=C2[C@H](C(=O)[C@@]3([C@H](C[C@@H]4[C@]([C@H]3[C@@H]([C@@](C2(C)C)(C[C@@H]1OC(=O)[C@@H]([C@H](C5=CC=CC=C5)NC(=O)C6=CC=CC=C6)O)O)OC(=O)C7=CC=CC=C7)(CO4)OC(=O)C)OC(=O)C)C)O,,
15254720,CN1CCC[C@@H]1CN2C(=O)C3=CC=CC=C3C(=N2)CC4=CC=C(C=C4)Cl,,
15288414,C1=CC=C2C(=C1)C(=O)N(C2=O)CS(=O)O,,
15293018,C1C2=C(C=CC(=C2)NC(=O)C3=CC=CC=C3)C4=C1N5C=CN=C5C(=O)N4,,
15295845,C1=CC=C2C(=C1)C3=C(C4=CC=CC=C4C3=O)N(C2=O)CCCNCCO,,
15298022,C1C2=CC=CC=C2N(CC3=CC=CN31)C(=O)C4=CC=C(C=C4)C5=CC=CS5,,
15307967,CC1=CC=CC=C1C(=O)NC2=CC=C(C=C2)C(=O)N3C4=CC=CC=C4CCC5=CC=CC=C53,,
15307968,CC1=CC=CC=C1C(=O)NC2=CC=C(C=C2)C(=O)N3CC4=CC=CC=C4CC5=CC=CC=C53,,
15307971,CC1=CC=CC=C1C(=O)NC2=CC=C(C=C2)C(=O)N3CC4=CC=CC=C4C5=CC=CC=C53,,
15307988,CC1=CC=CC=C1C(=O)NC2=CC=C(C=C2)C(=O)N3CC4=CC=CC=C4SC5=CC=CC=C53,,
15307998,CC1=CC=CC=C1C(=O)NC2=CC=C(C=C2)C(=O)N3CC4=C(CC5=CC=CC=C53)SC=C4,,
15308000,CC1=CC=CC=C1C(=O)NC2=CC=C(C=C2)C(=O)N3CC4=C(CC5=CC=CC=C53)C=CS4,,
15310636,CN1CCN(CC1)C(=O)C2=CC=C(C=C2)CN3CCCCC3,,
15323569,C1=CC=C(C=C1)C2=NN=C(O2)SC3=CC=CC=C3,,
15337543,CC1=C(SC(=NC(=O)C2=CC=C(C=C2)C(=N)N)N1CC3=CC=CC=C3)C(=O)NCCC(=O)O,,
15337548,CCCCN1C(=C(SC1=NC(=O)C2=CC=C(C=C2)C(=N)N)C(=O)NCCC(=O)O)C,,
15338151,COC1=CC(=C2C(=C1)S(=O)(=O)N(C2=O)COC(=O)C3=C(C=CC=C3Cl)Cl)OC,,
15340668,CC1=CC=CC=C1C(=O)NC2=CC=C(C=C2)C(=O)N3CC4=CC=CN4C5=CC=CC=C53,,
15380364,CC(C)(CNC(=O)C1=CC=C(C=C1)C(=N)N)C(=O)N2CCC(CC2)CC(=O)O,,
15389743,CCCN1CCO[C@H]2[C@H]1CCC3=C2C=C(C=C3)C(=O)N,,
15390974,CCCC[C@H]1CN(CCN1CC2=CN=CN2CC3=CC=C(C=C3)C#N)C(=O)C4=CC=CC5=CC=CC=C54,,
15407073,C[C@@H]1CN(CCN1[C@@H](C)C2=CC=C(C=C2)S(=O)(=O)C3=CC4=C(C=C3)OCO4)C5CCN(CC5)C(=O)C6=CC=CC=C6,,
15407074,C[C@@H]1CN(CCN1[C@@H](C)C2=CC=C(C=C2)S(=O)(=O)C3=CC4=C(C=C3)OCO4)C5CCN(CC5)C(=O)C6=CC=CC=C6C,,
15416417,CC1=CC=CC=C1C(=O)NC2=CC=C(C=C2)C(=O)N3CCC[C@@H](C4=CC=CC=C43)O,,
15416418,CC1=CC=CC=C1C(=O)NC2=CC=C(C=C2)C(=O)N3CCC[C@H](C4=CC=CC=C43)O,,
15428768,COC1=CC=C(C=C1)CC2=CC(=NC(=N2)N)C3CCN(CC3)C(=O)C4=CC=CC=C4,,
15429182,C1=CC(=C(C(=C1)O)O)C(=O)NCCCC[C@@H](C(=O)N)NC(=O)C2=C(C(=CC=C2)O)O,,
15431693,C1CN(CCN1CCCCNC(=O)C2=CC3=C(C=C2)C4=CC=CC=C4C3=O)C5=C(C(=CC=C5)Cl)Cl,,
15435266,C1=CC=C(C=C1)C2=CC=C(C=C2)OCC(CCN3C(=O)C4=CC=CC=C4C3=O)C(=O)NO,,
15452034,CC(C)(C)N(C(=O)C1=CC=CC=C1C(F)(F)F)NC(=O)C2=CC=CC=C2,,
15454976,CCOC(=O)O[C@@]12CO[C@@H]1C[C@@H]([C@@]3([C@@H]2[C@@H]([C@@]4(C[C@@H](C(=C(C4(C)C)[C@H](C3=O)OC(=O)C)C)OC(=O)[C@@H]([C@H](C5=CC=CC=C5)NC(=O)C6=CC=CC=C6)O)O)OC(=O)C7=CC=CC=C7)C)O,,
15458911,C1CCC(CC1)CCCCNC(=O)C2=COC(=N2)C3=CC=CC=C3/C(=C\CCCCC(=O)O)/C4=CN=CC=C4,,
15462454,C1CCC(CC1)CCCCNC(=O)C2=COC(=N2)C3=CC=C(C=C3)/C(=C\CCCC(=O)O)/C4=CN=CC=C4,,
15462456,C1CCC(CC1)CCCCNC(=O)C2=COC(=N2)C3=CC(=CC=C3)/C(=C/CCCCC(=O)O)/C4=CN=CC=C4,,
15462460,C1CC1CNC(=O)C2=COC(=N2)C3=CC=C(C=C3)/C(=C\CCCCC(=O)O)/C4=CN=CC=C4,,
15479857,C1CC(=O)NC(=O)[C@@H]1N2C(=O)C3=C(C2=O)C(=CC=C3)N,,
15483883,C1=CC(=CN=C1)[C@H](CNCCC2=CC=C(C=C2)NS(=O)(=O)C3=CC=C(C=C3)C4=NC(=NO4)COC5=CC=C(C=C5)F)O,,
15485936,CCCS(=O)(=O)N1CCN(CC1)S(=O)(=O)CCCN2CCC(CC2)CNC(=O)C3=C4C(=CC=C3)OCCO4,,
15488572,C1=CC=C2C(=C1)C3=C(C=CN=C3)NC2=O,,
15488825,C1CNCCC1C2CCN(CC2)C(=O)C3=CC4=C(C=C3)NC(C(=O)N(C4)CCC5=CC=CC=C5)CC(=O)O,,
15490956,C1CN(CCN1CCCCN2C(=COC3=CC=CC=C3C2=O)Cl)C4=CC=CC=N4,,
15507355,CC1=CC2=C(CCNC2=O)C=C1,,
15508105,CN(C/C(=N\OC)/[C@H](CCN1CCC(CC1)N2C3=CC=CC=C3NC2=O)C4=CC(=C(C=C4)Cl)Cl)C(=O)C5=CC(=CC(=C5)Cl)Cl,,
15511439,COC1=C(C=C2CN(CCC2=C1)CCC3=CC=C(C=C3)NC(=O)C4=CC=CC=C4NC(=O)C5=CC=CC=C5)OC,,
15511440,COC1=C(C=C2CN(CCC2=C1)CCC3=CC=C(C=C3)NC(=O)C4=CC=CC=C4NC(=O)C5=CC6=CC=CC=C6N=C5)OC,,
15511441,COC1=C(C=C2CN(CCC2=C1)CCC3=CC=C(C=C3)NC(=O)C4=C(C=CC(=C4)F)NC(=O)C5=CC6=CC=CC=C6N=C5)OC,,
15511442,COC1=C(C=C2CN(CCC2=C1)CCC3=CC=C(C=C3)NC(=O)C4=C(C=C(C=C4)F)NC(=O)C5=CC6=CC=CC=C6N=C5)OC,,
15511443,COC1=C(C=C2CN(CCC2=C1)CCC3=CC=C(C=C3)NC(=O)C4=C(C=CC(=C4)Cl)NC(=O)C5=CC6=CC=CC=C6N=C5)OC,,
15511444,COC1=C(C=C2CN(CCC2=C1)CCC3=CC=C(C=C3)NC(=O)C4=C(C=C(C=C4)Cl)NC(=O)C5=CC6=CC=CC=C6N=C5)OC,,
15511445,CC1=CC(=C(C=C1)NC(=O)C2=CC3=CC=CC=C3N=C2)C(=O)NC4=CC=C(C=C4)CCN5CCC6=CC(=C(C=C6C5)OC)OC,,
15511446,COC1=C(C=C2CN(CCC2=C1)CCC3=CC=C(C=C3)NC(=O)C4=C(C=C(C=C4)[N+](=O)[O-])NC(=O)C5=CC6=CC=CC=C6N=C5)OC,,
15512338,CC(=O)C1=CC2=C(C=C1)OC([C@@H]([C@H]2NC(=O)C3=C(C(=CC=C3)Cl)Cl)O)(C)C,,
15513650,CC(=O)N[C@@H](CC1=CNC2=CC=CC=C21)C(=O)NC3=CC=CC(=C3)C4=CC=C(C=C4)C(=O)N[C@@H](CC5=CC=CC=C5)C(=O)O,,
15523787,C1=CC(=CC=C1C(=O)NC(CCC(=O)O)C(=O)O)N(CCCC(=O)O)CC2=CN=C3C(=N2)C(=NC(=N3)N)N,,
15542627,C1CC2=C3C(=CC=C2)NC(=O)C3(C1)CCCCN4CCN(CC4)C5=CC=CC=C5C(=O)N,,
15545291,C1CC2=C(C=CC(=C2)NC(=O)C3=C(C=C(C=C3)C(=N)N)Cl)C(=O)C1CC(=O)O,,
15546672,C1=CC=C(C=C1)C[C@@H]([C@H](CN(CCC2=C(C=C(C=C2)Cl)Cl)C(=O)CCN3C(=O)C4=CC=CC=C4C3=O)O)NC(=O)CCN5C6=CC=CC=C6OC5=O,,
15546675,C1OC2=C(O1)C=C(C=C2)CCN(C[C@@H]([C@H](CC3=CC=CC=C3)NC(=O)COC4=C(C=C(C=C4)Cl)Cl)O)C(=O)CCN5C(=O)C6=CC=CC=C6C5=O,,
15549947,C1CN2C(=NC3=C(C2=O)C=C(C=C3)Br)C4=C1C5=CC=CC=C5N4,,
15551877,CC1=C(C(=CC=C1)C(=O)NO)N(CC2=CC=C(C=C2)OCCN3CCCCC3)S(=O)(=O)C4=CC=C(C=C4)OC,,
15565706,CCN1CCC[C@H]1CNC(=O)C2=C(C=CC=C2OC)OC,,
15565709,CCN1CCC[C@H]1CNC(=O)C2=C(C=CC(=C2OC)Br)OC.Cl,,
15567171,C1=CC2=C(C(=C1)Cl)C(=O)NS2(=O)=O,,
15570610,CC(CC1=CN=C2C(=N1)C(=NC(=N2)N)N)C3=CC=C(C=C3)C(=O)NC(CCC(=O)O)C(=O)O,,
15570611,CC[C@H](CC1=CN=C2C(=N1)C(=NC(=N2)N)N)C3=CC=C(C=C3)C(=O)N[C@@H](CCC(=O)O)C(=O)O,,
15570612,CC[C@@H](CC1=CN=C2C(=N1)C(=NC(=N2)N)N)C3=CC=C(C=C3)C(=O)N[C@@H](CCC(=O)O)C(=O)O,,
15570613,CC(C)(CC1=CN=C2C(=N1)C(=NC(=N2)N)N)C3=CC=C(C=C3)C(=O)NC(CCC(=O)O)C(=O)O,,
15602797,CC1=NC2=C(N1C)C=C(C3=C2O[C@@H](CC3)C4=CC=C(C=C4)F)C(=O)N(C)C,,
15602801,CC1=C(C=CC(=C1)F)[C@@H]2CCC3=C(O2)C4=C(C=C3C(=O)N(C)C)N(C(=N4)C)C,,
15602802,CC1=CC=CC=C1[C@@H]2CCC3=C(O2)C4=C(C=C3C(=O)N5CCCC5)N(C(=N4)C)C,,
15602911,CC1=CC=CC=C1[C@@H]2CCC3=C(O2)C4=C(C=C3C(=O)N5CCC5)N(C(=N4)C)C,,
15602917,CC1=CC=CC=C1[C@@H]2CCC3=C(O2)C4=C(C=C3C(=O)NC5CC5)N(C(=N4)C)C,,
15603010,CC1=C(C=CS1)[C@@H]2CCC3=C(O2)C4=C(C=C3C(=O)N(C)C)N(C(=N4)C)C,,
15603280,COC(=O)NC1=CC(=CC(=C1)C2=NC3=C(O2)C=CC=N3)C4=C5C=CNC5=CC=C4,,
15603614,CC(=O)NC1=CC(=CC(=C1)C2=NC3=CC=CC=C3O2)C4=C5C=CNC5=CC=C4,,
15603841,CC(C)(C)C1=CC=C(C=C1)C2=CC=CC=C2C(=O)NC3=NC4=C(C=C3)C=C(C=C4)C(=O)N[C@@H](C5=CC=CC=C5)C(=O)NCC6=CC=C(C=C6)F,,
15604459,CC1=CC=CC=C1[C@@H]2CCC3=C(O2)C4=C(C=C3C(=O)N(C)C)N(C(=N4)C)C,,
15604510,C1CNCCC1OC2=CC3=C(C=C2)C(=O)NC=C3,,
15604604,CC(C)NC(=O)N1CCCN(CC1)C2=C(C=C(C=C2)C(=O)NCCC3=C(C=C(C=C3)Cl)Cl)NC(=O)C4=CC(=CC=C4)Cl,,
15604606,CCNC(=O)N1CCCN(CC1)C2=C(C=C(C=C2)C(=O)NCCC3=CC=C(C=C3)Cl)NC(=O)C4=CC(=CC=C4)Cl,,
15604607,CCNC(=O)N1CCCN(CC1)C2=C(C=C(C=C2)C(=O)NCCC3=C(C=C(C=C3)Cl)Cl)NC(=O)C4=CC(=CC=C4)OC,,
15604675,C1CN2C(=CC3=C2C=C(C=C3)C(=O)NC4=CN=CC=C4)C(=O)N1,,
15604688,CCNC(=O)N1CCCN(CC1)C2=C(C=C(C=C2)C(=O)NCCC3=C(C=C(C=C3)Cl)Cl)NC(=O)C4=CC=CC=C4Cl,,
15604689,CCNC(=O)N1CCCN(CC1)C2=C(C=C(C=C2)C(=O)NCCC3=C(C=C(C=C3)Cl)Cl)NC(=O)C4=CC=CS4,,
15604690,CNC(=O)N1CCCN(CC1)C2=C(C=C(C=C2)C(=O)NCCC3=C(C=C(C=C3)Cl)Cl)NC(=O)C4=CC(=CC=C4)Cl,,
15604761,C1CN2C(=CC3=C2C=C(C=C3)C(=O)NC4=NC=CS4)C(=O)N1,,
15604763,C1[C@@H](NC(=O)C2=CC3=C(N21)C=C(C=C3)C(=O)NC4=CN=CC=C4)CN,,
15604765,C1[C@@H](NC(=O)C2=CC3=C(N21)C=C(C=C3)C(=O)NC4=NC=CS4)CN,,
15604766,C1[C@H](NC(=O)C2=CC3=C(N21)C=C(C=C3)C(=O)NC4=NC=CS4)CN,,
15604773,CCNC(=O)N1CCCN(CC1)C2=C(C=C(C=C2)C(=O)NCCC3=C(C=C(C=C3)Cl)Cl)NC(=O)C4=CC=CC(=C4)C#N,,
15604774,CCNC(=O)N1CCCN(CC1)C2=C(C=C(C=C2)C(=O)NCCC3=CC(=CC=C3)Cl)NC(=O)C4=CC(=CC=C4)Cl,,
15604844,C1[C@H](NC(=O)C2=CC3=C(N21)C=C(C=C3)C(=O)NC4=CN=CC=C4)CN,,
15604847,CC1(CNC(=O)C2=CC3=C(N21)C=C(C=C3)C(=O)NC4=CN=CC=C4)C,,
15604856,CCNC(=O)N1CCCN(CC1)C2=C(C=C(C=C2)C(=O)NCCC3=C(C=C(C=C3)Cl)Cl)NC(=O)C4=CC(=CC=C4)F,,
15604859,CCNC(=O)N1CCCN(CC1)C2=C(C=C(C=C2)C(=O)NCCC3=CC=CC=C3F)NC(=O)C4=CC(=CC=C4)Cl,,
15604934,CCNC(=O)N1CCCN(CC1)C2=C(C=C(C=C2)C(=O)NCCC3=CC=C(C=C3)F)NC(=O)C4=CC(=CC=C4)Cl,,
15604935,CCCNC(=O)N1CCCN(CC1)C2=C(C=C(C=C2)C(=O)NCCC3=C(C=C(C=C3)Cl)Cl)NC(=O)C4=CC(=CC=C4)Cl,,
15604937,CCNC(=O)N1CCCN(CC1)C2=C(C=C(C=C2)C(=O)NCCC3=CC(=C(C=C3)OC)OC)NC(=O)C4=CC(=CC=C4)Cl,,
15604938,CCNC(=O)N1CCCN(CC1)C2=C(C=C(C=C2)C(=O)NCCC3=C(C=C(C=C3)Cl)Cl)NC(=O)C4=CC(=CC(=C4)F)F,,
15605007,CCNC(=O)N1CCCN(CC1)C2=C(C=C(C=C2)C(=O)NCCC3=C(C=C(C=C3)Cl)Cl)NC(=O)C4=CC=CC=C4F,,
15605012,CCNC(=O)N1CCCN(CC1)C2=C(C=C(C=C2)C(=O)NCCC3=C(C=C(C=C3)Cl)Cl)NC(=O)C4=CSC=C4,,
15605071,CCNC(=O)N1CCCN(CC1)C2=C(C=C(C=C2)C(=O)NCCC3=CC(=CC=C3)F)NC(=O)C4=CC(=CC=C4)Cl,,
15605073,CCNC(=O)N1CCCN(CC1)C2=C(C=C(C=C2)C(=O)NCCC3=C(C=C(C=C3)Cl)Cl)NC(=O)C4=CC=NC=C4,,
15605074,CCCCNC(=O)N1CCCN(CC1)C2=C(C=C(C=C2)C(=O)NCCC3=C(C=C(C=C3)Cl)Cl)NC(=O)C4=CC(=CC=C4)Cl,,
15605075,CCNC(=O)N1CCCN(CC1)C2=C(C=C(C=C2)C(=O)NCCC3=CC=CC=C3)NC(=O)C4=CC(=CC=C4)Cl,,
15605137,CCNC(=O)N1CCCN(CC1)C2=C(C=C(C=C2)C(=O)NCCC3=C(C=C(C=C3)Cl)Cl)NC(=O)C4=CC(=C(C=C4)F)F,,
15605197,CCNC(=O)N1CCCN(CC1)C2=C(C=C(C=C2)C(=O)NCCC3=C(C=C(C=C3)Cl)Cl)NC(=O)C4=CC=CC=C4,,
15605618,CCNC(=O)N1CCCN(CC1)C2=C(C=C(C=C2)C(=O)NCCC3=C(C=C(C=C3)Cl)Cl)NC(=O)C4=CC=CO4,,
15617803,CC(C)(C)N(C(=O)C1=CC=CC=C1Cl)NC(=O)C2=CC=CC=C2Cl,,
15617819,C1CCC(CC1)N(C(=O)C2=CC=CC=C2)NC(=O)C3=CC=CC=C3,,
15632435,CC1([C@H]([C@@H](C2=C(O1)C=CC(=C2)C#N)NC(=O)C3=CC=CC=C3)O)C,,
15646709,C1CN(CCC1CC2=CNC3=C2C=C(C=C3)F)CCN4C5=CC=CC6=C5C(=CC=C6)C4=O,,
15649435,CN1C(C(=O)NC2=CC=CC=C2C1=O)CC3=CC=CC=C3,,
15649436,CN1/C(=C\C2=CC=CC=C2)/C(=O)NC3=CC=CC=C3C1=O,,
15650516,C1=CN=C(N=C1)NS(=O)(=O)C2=CC=C(C=C2)NC(=S)NC(=O)C3=CC=C(C=C3)Cl,,
15678850,C1CN(CCN1CCCCCCCCN)CC(=O)N2C3=CC=CC=C3C(=O)NC4=C2N=CC=C4,,
15678852,C1CN(CCN1CCCCCCCCCCN)CC(=O)N2C3=CC=CC=C3C(=O)NC4=C2N=CC=C4,,
15678855,C1CN(CCN1CCCCCCCCCCNC(=S)NC2=CC(=CC=C2)N=C=S)CC(=O)N3C4=CC=CC=C4C(=O)NC5=C3N=CC=C5,,
15693876,CC1=CC2=C(C=C1)C=CNC2=O,,
15698092,CCCCC1=NC(=C(N1CC2=CC=C(C=C2)C3=CC=CC=C3C(=O)NC4=NNN=N4)COC)Cl,,
15698118,CCCCC1=NC(=C(N1CC2=CC=C(C=C2)C3=CC=CC=C3C(=O)NS(=O)(=O)C4=CC=CC=C4)CO)Cl,,
15710742,C1CN(CC=C1C2=CC=CC=C2)CCCN3C4=CC=CC5=C4C(=CC=C5)C3=O,,
15713218,CC1=C(C2=C(N1C(=O)C3=CC=C(C=C3)Cl)C=CC(=C2)OC)CC(=O)NOC,,
15713219,CC1=C(C2=C(N1C(=O)C3=CC=C(C=C3)Cl)C=CC(=C2)OC)CC(=O)N(C(C)C)O,,
15713969,C1=CC=C2C(=C1)C(=NN(C2=O)CC(=S)NC3=C(C=CC(=C3)C(F)(F)F)Br)CC(=O)O,,
15723888,C1CN(CCN1CCCCC2=CC=CC=C2)C(=O)C3=CC=CC=C3,,
15728777,COC1=CC(=CC(=C1OC)OC)C(=O)NCCCN2CCCN(CC2)CCCNC(=O)C3=CC(=C(C(=C3)OC)OC)OC,,
15766635,CC1=C(C(=CC=C1)C(=O)NN(C(=O)C2=CC(=CC(=C2)C)C)C(C)(C)C)C,,
15774019,C1=CC(=C(C(=C1)O)O)C(=O)NCCCCCNC(=O)C2=C(C(=CC=C2)O)O,,
15780052,CCC1=NC2=C(C=C(C=C2)N(CC3=CC=CC=C3)C(=O)C4=CC=CS4)C(=O)N1CC5=CC=C(C=C5)C6=CC=CC=C6C7=NNN=N7,,
15780085,CCC1=NC2=C(C=C(C=C2)N(CC3=CC=CC=C3)C(=O)C4=CC=CC=C4)C(=O)N1CC5=CC=C(C=C5)C6=CC=CC=C6C7=NNN=N7,,
15780090,CC(C)C1=NC2=C(C=C(C=C2)N(CC3=CC=CC=C3)C(=O)C4=CC=CC=C4)C(=O)N1CC5=CC=C(C=C5)C6=CC=CC=C6C7=NNN=N7,,
15780091,CCC1=NC2=C(C=C(C=C2)N(CC3=CC=CC=C3)C(=O)C4=CC=NC=C4)C(=O)N1CC5=CC=C(C=C5)C6=CC=CC=C6C7=NNN=N7,,
15780094,CCC1=NC2=C(C=C(C=C2)N(CC3=CC=CC=C3Cl)C(=O)C4=CC=CC=C4)C(=O)N1CC5=CC=C(C=C5)C6=CC=CC=C6C7=NNN=N7,,
15780095,CCC1=NC2=C(C=C(C=C2)N(CC=C(C)C)C(=O)C3=CC=CC=C3)C(=O)N1CC4=CC=C(C=C4)C5=CC=CC=C5C6=NNN=N6,,
15785639,CC(C)C[C@@H](C(=O)O)N1C(=O)C2=CC=CC=C2[Se]1,,
15817161,CCCC1=C(C=CC2=C1OC(CC2)C(=O)O)OCCCOC3=C(C(=C(C=C3)C(=O)NC)OC)CCC,,
15837614,CN1/C(=C\C2=CC=CC=C2)/C3=NC4=CC=CC=C4C(=O)N3C5=CC=CC=C5C1=O,,
15850737,C1=CC=C(C=C1)S(=O)(=O)N[C@@H](CNC(=O)C2=CC=C(C=C2)OCCCN)C(=O)O,,
15850743,C1=CC=C(C=C1)S(=O)(=O)N[C@@H](CNC(=O)C2=CC=C(C=C2)OCCN)C(=O)O,,
15851477,CC(C)C[C@H]([C@@H](C(=O)NO)NC(=O)C1=CC=CC2=C1N=CC=C2)C(=O)N[C@H](C(=O)NC)C(C)(C)C,,
15852309,C1CCC(CC1)CCCCNC(=O)C2=COC(=N2)C3=CC=C(C=C3)/C(=C\CCC(=O)O)/C4=CN=CC=C4,,
15852312,C1CCC(CC1)CCCCNC(=O)C2=COC(=N2)C3=CC=C(C=C3)/C(=C/CCCCC(=O)O)/C4=CN=CC=C4,,
15859211,COC1=CC=C(C=C1)S(=O)(=O)N(CC2=CC=CC=C2)C3=CC=CC=C3C(=O)NO,,
15870384,CC1=C(C(=CC=C1)C(=O)N2CCC(CC2)N3CCC(CC3)OC4=CC=C(C=C4)S(=O)(=O)C5=CC6=C(C=C5)OCO6)C,,
15870977,CC(C)OC(=O)NC(CC1=CC=C(C=C1)NC(=O)C2=CC(=CC=C2)NC3=NCC(=O)N3)C(=O)O,,
15872197,CC1=CC=CC=C1S(=O)(=O)NC(=O)C2=CC(=C(C=C2)CC3=CN(C4=C3C=C(C=C4)NC(=O)OC5CCCC5)C(=O)N(C)C)OC,,
15872199,CC1=CC=CC=C1S(=O)(=O)NC(=O)C2=CC(=C(C=C2)CC3=CN(C4=C3C=C(C=C4)NC(=O)OC5CCCC5)C=O)OC,,
15887537,C1CN(CCC1NCC(=O)N2CCN(CC2C3=CC(=C(C=C3)Cl)Cl)C(=O)C4=CC(=CC(=C4)C(F)(F)F)C(F)(F)F)CC5=CC=CC=C5,,
15896091,CCOC(=O)CNC(=O)NCC1=C(C=C(C=C1)C(=O)N2CCCCC3=CC=CC=C32)C,,
15896092,CC1=C(C=CC(=C1)C(=O)N2CCCCC3=CC=CC=C32)CNC(=O)NCC(=O)O,,
15896094,CC1=C(C=CC(=C1)C(=O)N2CCCCC3=CC=CC=C32)CNC(=O)NCC(=O)OC,,
15907747,CO[C@](C1=CC=CC=C1)(C(=O)NS(=O)(=O)C2=CC=CC=C2C3=CC=C(C=C3)CN4C5=CC=CC=C5CCC6=CC=CC=C6C4=O)C(F)(F)F,,
15907748,C[C@@H](C1=CC=CC=C1)NC(=O)NS(=O)(=O)C2=CC=CC=C2C3=CC=C(C=C3)CN4C5=CC=CC=C5CCC6=CC=CC=C6C4=O,,
15908878,CCN(CC)C(=O)C1=CC=C(C=C1)N(C2C[C@H]3CC[C@@H](C2)N3C)C4=CC=CC=C4,,
15940185,CC1=C(C=CC2=C1OC(=O)C(=C2[O-])NC(=O)C3=CC(=C(C=C3)O)CC=C(C)C)O[C@H]4[C@@H]([C@@H]([C@H](C(O4)(C)C)OC)OC(=O)N)O,,
15940224,CCCN(CCC)C(=O)C1=CC(=CC(=C1)C(=O)N[C@@H](CC2=CC(=CC(=C2)F)F)[C@@H](CNCC3=CC(=CC=C3)OC)O)C(=O)C,,
15940274,CCN1C2=C(C=C(C=C2)NC(=O)C3=CC=CC=C3C(F)(F)F)C4=CC=CC=C41,,
15942101,CC1=CC=CC=C1C2CCCN2C(=O)C3=C(C=C(C=C3)O)O,,
15942104,C1CC(N(C1)C(=O)C2=C(C=C(C=C2)O)O)C3=CC=CC=C3Cl,,
15942105,C1CC(N(C1)C(=O)C2=C(C=C(C=C2)O)O)C3=CC=CC=C3,,
15942234,C1C2=CC=CC=C2CN1C(=O)C3=CC(=C(C=C3O)O)Br,,
15942638,C1CC1NC(=O)C2=CC=C(C=C2)CN([C@@H]3CC(CCNC3=O)(F)F)S(=O)(=O)C4=CC=C(C=C4)Cl,,
15942713,CCC(=O)NC1=C(C=C(C=C1C)C(=O)N2CCC(CC2)N(C)CCC3=CC=CC=C3)C.O.Cl,,
15944463,CCNS(=O)(=O)C1=C2C=CC=C3C2=C(C=C1)N(C3=O)CC,,
15944523,CCCCNS(=O)(=O)C1=C2C=CC=C3C2=C(C=C1)N(C3=O)CC,,
15944527,CCCNS(=O)(=O)C1=C2C=CC=C3C2=C(C=C1)N(C3=O)CC,,
15944574,CCN1C2=C3C(=C(C=C2)S(=O)(=O)NC4=CC=CC(=C4)C(=O)C)C=CC=C3C1=O,,
15944878,C1CCN2C(=NC3=C(C2=O)C=C(C=C3)NC(=O)C4=CC(=CC=C4)[N+](=O)[O-])C1,,
15945090,COC1=CC=C(C=C1)C(=O)N/C(=C\C2=CC=CO2)/C(=O)NCC3=CN=CC=C3,,
15945469,C1CCN(CC1)C2CCN(CC2)C(=O)C3=CC4=C(C=C3)C(=C5CCCCC5=N4)Cl,,
15945864,CC1=C(C2=CC=CC=C2C(=C1)F)CNC(=O)C3=C(C=C(C4=C3OC5=CC(=C(C(=O)[C@]54C)C(=O)C)O)O)OC,,
15947337,CCOC1=C2CN(C(=O)C2=C(C3=C1N=CC=C3)OCC)C4=C(C=C(C=C4)CS(=O)(=O)NC(=O)CC5=C(C=CC=C5Cl)Cl)C,,
15947390,CC1=C(C=CC=C1F)C(=O)N[C@@H](CC2=CC=CC=C2)[C@@H](CN(CC3=CC=CS3)S(=O)(=O)C4=CC=CC(=C4)OC)O,,
15947392,COC1=CC(=CC=C1)S(=O)(=O)N(CC2=CC=CS2)C[C@H]([C@H](CC3=CC=CC=C3)NC(=O)C4=CC(=C(C=C4)O)O)O,,
15947448,CC1=C(C=CC(=C1)CS(=O)(=O)NC(=O)CC2=CC=CC=C2OC)N3CC4=C(C5=C(C=CC=N5)C(=C4C3=O)OCC(F)(F)F)OCC(F)(F)F,,
15947546,CCOC1=CC=CC=C1CC(=O)NS(=O)(=O)CC2=CC(=C(C=C2)N3CC4=C(C5=C(C=CC=N5)C(=C4C3=O)OCC)OCC)C,,
15947639,CC1=C(C=CC(=C1)CS(=O)(=O)NC(=O)C2(CC2)C3=CC=CC=C3OC)N4CC5=C(C6=C(C=CC=N6)C(=C5C4=O)OCC(F)(F)F)OCC(F)(F)F,,
15947640,CCOC1=C2CN(C(=O)C2=C(C3=C1N=CC=C3)OCC)C4=C(C=C(C=C4)CS(=O)(=O)NC(=O)CC5=CC=CC=C5OC(F)F)C,,
15947856,CCOC1=C2CN(C(=O)C2=C(C3=C1N=CC=C3)OCC)C4=C(C=C(C=C4)CS(=O)(=O)NC(=O)C5(CC5)C6=C(C=CC=C6OC)OC)C,,
15947857,CC1=C(C=CC(=C1)CS(=O)(=O)NC(=O)C2(CC2)C3=C(C=CC=C3OC)OC)N4CC5=C(C6=C(C=CC=N6)C(=C5C4=O)OCC(F)(F)F)OCC(F)(F)F,,
15948325,CCOC1=C2CN(C(=O)C2=C(C3=C1N=CC=C3)OCC)C4=C(C=C(C=C4)CS(=O)(=O)NC(=O)CC5=CC=CC=C5OC)C,,
15948329,CCOC1=C2CN(C(=O)C2=C(C3=C1N=CC=C3)OCC)C4=C(C=C(C=C4)CS(=O)(=O)NC(=O)CC5=CC=CC=C5)C,,
15948439,CCOC1=C2CN(C(=O)C2=C(C3=C1N=CC=C3)OCC)C4=C(C=C(C=C4)CS(=O)(=O)NC(=O)CC5=CC=CC=C5F)C,,
15948440,CCOC1=C2CN(C(=O)C2=C(C3=C1N=CC=C3)OCC)C4=C(C=C(C=C4)CS(=O)(=O)NC(=O)CC5=CC=NC=C5)C,,
15948441,CCOC1=C2CN(C(=O)C2=C(C3=C1N=CC=C3)OCC)C4=C(C=C(C=C4)CS(=O)(=O)NC(=O)CC5=CN=CC=C5)C,,
15948442,CCOC1=C2CN(C(=O)C2=C(C3=C1N=CC=C3)OCC)C4=C(C=C(C=C4)CS(=O)(=O)NC(=O)CC5=CC=CC=N5)C,,
15948554,CCOC1=C2CN(C(=O)C2=C(C3=C1N=CC=C3)OCC)C4=C(C=C(C=C4)CS(=O)(=O)NC(=O)CC5=CC=CC=C5Cl)C,,
15948558,CCOC1=C2CN(C(=O)C2=C(C3=C1N=CC=C3)OCC)C4=C(C=C(C=C4)CS(=O)(=O)NC(=O)CC5=CC=CC=C5OC(F)(F)F)C,,
15948583,C1C[C@@H](CN(C1)C(=O)C2=C(C=C(C=C2)F)F)C3=NC(=NO3)C4=CC=CC=N4,,
15948674,CCOC1=C2CN(C(=O)C2=C(C3=C1C=CC=N3)OCC)C4=C(C=C(C=C4)CS(=O)(=O)NC(=O)CC5=CC=CC=C5)C,,
15948788,CCOC1=C2CN(C(=O)C2=C(C3=C1N=CC=C3)OCC)C4=C(C=C(C=C4)CS(=O)(=O)NC(=O)C5(CC5)C6=CC=CC=C6OC)C,,
15948789,CC1=C(C=CC(=C1)CS(=O)(=O)NC(=O)CC2=CC=CC=C2OC)N3CC4=C(C5=C(C=CC=N5)C(=C4C3=O)OC(C)C)OC(C)C,,
15948947,CC1=C(C=C(C=C1)C(=O)NC2=CC(=CC(=C2)C(F)(F)F)N3C=C(N=C3)C)NC4=NC5=CC=CC=C5N4C6=NC=NC(=C6)N,,
15948949,CC1=C(C=C(C=C1)NC(=O)C2=CC(=CC(=C2)OC3CCN(CC3)C)C(F)(F)F)NC4=NC5=CC=CC=C5N4C6=NC=NC(=C6)N,,
15949048,CCN1CCN(CC1)C2=CC(=CC(=C2)C(F)(F)F)C(=O)NC3=CC(=C(C=C3)C)NC4=NC5=CC=CC=C5N4C6=NC=NC(=C6)N,,
15949380,C1C[C@@H]([C@H](NC1)CC(=O)CN2C=NC3=C(C2=O)C(=C(C=C3)F)F)O,,
15949521,CC1=CC(=CC=C1)C(=O)NC2=CC(=C(C=C2)C)NC3=NC4=CC=CC=C4N3C5=NC=NC(=C5)N,,
15949522,CC1=C(C=C(C=C1)NC(=O)C2=CC(=CC=C2)Cl)NC3=NC4=CC=CC=C4N3C5=NC=NC(=C5)N,,
15949523,CC1=C(C=C(C=C1)NC(=O)C2=CC(=CC(=C2)N3CCN(CC3)C)C(F)(F)F)NC4=NC5=CC=CC=C5N4C6=NC=NC(=C6)N,,
15949524,CCN1CCN(CC1)CC2=C(C=C(C=C2)C(=O)NC3=CC(=C(C=C3)C)NC4=NC5=CC=CC=C5N4C6=NC=NC(=C6)N)Cl,,
15949889,CC1=C(C=C(C=C1)NC(=O)C2=CC(=CC=C2)C(F)(F)F)NC3=NC4=CC=CC=C4N3C5=NC=NC(=C5)NCCO,,
15949890,CC1=C(C=C(C=C1)NC(=O)C2=CC(=CC=C2)C(F)(F)F)NC3=NC4=CC=CC=C4N3C5=NC=NC(=C5)NC6CCN(CC6)C,,
15949974,CC1=C(C=C(C=C1)NC(=O)C2=CC(=CC=C2)C(F)(F)F)NC3=NC4=CC=CC=C4N3C5=NC=NC(=C5)NCCN6CCN(CC6)C,,
15949975,CCN(CC)CCNC1=CC(=NC=N1)N2C3=CC=CC=C3N=C2NC4=C(C=CC(=C4)NC(=O)C5=CC(=CC=C5)C(F)(F)F)C,,
15949976,CC1=C(C=C(C=C1)NC(=O)C2=CC(=CC=C2)C(F)(F)F)NC3=NC4=CC=CC=C4N3C5=NC=NC(=C5)NCCCN6CCN(CC6)C,,
15950141,CCN(CC)CCCCNC1=CC(=NC=N1)N2C3=CC=CC=C3N=C2NC4=C(C=CC(=C4)NC(=O)C5=CC(=CC=C5)C(F)(F)F)C,,
15950224,CC1=C(C=C(C=C1)NC(=O)C2=CC(=CC=C2)C(F)(F)F)NC3=NC4=CC=CC=C4N3C5=NC=NC(=C5)N,,
15950311,CC1=C(C=C(C=C1)C(=O)NC2=CC=CC(=C2)C(F)(F)F)NC3=NC4=CC=CC=C4N3C5=NC=NC(=C5)N,,
15950351,C1CN(CC2=CC=CC=C21)CCC3=CC=C(C=C3)NC(=O)C4=CC=CC=C4NC(=O)C5=CC6=CC=CC=C6N=C5,,
15950502,C1CN(CCN1C2=NC=CC=N2)C(=O)C3=CC=C(C=C3)C4=CC=C(C=C4)F,,
15950504,CC1CN(CCN1C2=NC=CC=N2)C(=O)C3=CC=C(C=C3)C4=CC=CC=C4,,
15950714,CC1=CC=C(C=C1)C2=CC=C(C=C2)C(=O)N3CCN(CC3)C4=NC=CC=N4,,
15950719,C1CN(CCN1C2=NC=CC=N2)C(=O)C3=CC=C(C=C3)C4=CC(=CC=C4)Cl,,
15950720,C1CN(CCN1C2=NC=CC=N2)C(=O)C3=CC=C(C=C3)C4=CC(=CC=C4)C(F)(F)F,,
15950748,CC1=C(C=C(C=C1)NC(=O)C2=CC(=CC=C2)C(F)(F)F)C(=O)NC3=CN=C(N=C3)N,,
15950791,CCC1=CC=C(C=C1)C2=CC=C(C=C2)C(=O)N3CCN(CC3)C4=NC=CC=N4,,
15950792,CC1=NC(=NC=C1)N2CCN(CC2)C(=O)C3=CC=C(C=C3)C4=CC=CC=C4,,
15950864,COC1=CC=C(C=C1)C2=CC=C(C=C2)C(=O)N3CCN(CC3)C4=NC=CC=N4,,
15950866,C1CN(CCN1C2=NC=CC=N2)C(=O)C3=CC=C(C=C3)C4=CC=C(C=C4)C#N,,
15950992,C[C@H]1CN(CCN1C(=O)C2=CC=C(C=C2)C3=CC=C(C=C3)Cl)C4=NC=CC=N4,,
15951053,CCC1=CC2=C(C=C1)N3C=NC(=C3CN(C2=O)C)C(=O)OCCCOC(=O)C4=C5CN(C(=O)C6=C(N5C=N4)C=CC(=C6)CC)C,,
15951121,C1CN(CCN1C2=NC=CC=N2)C(=O)C3=CC=C(C=C3)C4=CC=C(C=C4)C(F)(F)F,,
15951123,C1CN(CCN1C2=NC=CC=N2)C(=O)C3=CC=C(C=C3)C4=CC=C(C=C4)Cl,,
15951124,CC1=CC=CC=C1C2=CC=C(C=C2)C(=O)N3CCN(CC3)C4=NC=CC=N4,,
15951399,C1CN(CCN1C2=NC=CC=N2)C(=O)C3=CC=C(C=C3)C4=CC(=CC=C4)OC(F)(F)F,,
15951403,C1CN(CCN1C2=NC=CS2)C(=O)C3=CC=C(C=C3)C4=CC=CC=C4,,
15951469,C1CN(CCN1C2=NC=CC=N2)C(=O)C3=CC=C(C=C3)C4=CC=CC(=C4)C#N,,
15951509,CCNC(=O)C1=CC(=C(C=C1)C)N2C=NC3=C(C2=O)C=C(C=C3)N4CCN(CC4)C,,
15951527,CC1(C(=O)N(C(=S)N1C2=CC=C(C=C2)C(=O)NC)C3=CC(=C(C=C3)C#N)C(F)(F)F)C,,
15951529,CC1(C(=O)N(C(=S)N1C2=CC(=C(C=C2)C(=O)NC)F)C3=CC(=C(C=C3)C#N)C(F)(F)F)C,,
15951573,CC1CNC(=O)C2=C1C3=C(N2)C=CC(=C3)C(=O)NC4=CC=NC=C4,,
15951575,CC1CNC(=O)C2=C1C3=C(N2)C=CC(=C3)C(=O)NC4=CC=C(C=C4)Cl,,
15951576,CC1CNC(=O)C2=C1C3=C(N2)C=CC(=C3)C(=O)NC4=CN=CC=C4,,
15951577,CC1CNC(=O)C2=C1C3=C(N2)C=CC(=C3)C(=O)NC4=CC(=CC=C4)Cl,,
15951636,B([C@@H]1CCCN1C(=O)CNC(=O)C2=CC=CC3=CC=CC=C32)(O)O,,
15951675,CC1CNC(=O)C2=C1C3=C(N2)C=CC(=C3)C(=O)NC4=CC=CC(=C4)C#N,,
15951676,CC1CNC(=O)C2=C1C3=C(N2)C=CC(=C3)C(=O)NC4=NC=CS4,,
15951677,CC1CNC(=O)C2=C1C3=C(N2)C=CC(=C3)C(=O)NC4=CC=C(C=C4)C#N,,
15951678,CCOC(=O)C1=CC(=CC=C1)NC(=O)C2=CC3=C(C=C2)NC4=C3C(CNC4=O)C,,
15951768,CC1CNC(=O)C2=C1C3=C(N2)C=CC(=C3)C(=O)NC4=CC=C(C=C4)C(=O)N,,
15951769,CC1CNC(=O)C2=C1C3=C(N2)C=CC(=C3)C(=O)NC4=CC=CC(=C4)C(=O)N,,
15951863,CC1CNC(=O)C2=C1C3=C(N2)C=CC(=C3)C(=O)NC4=CC(=CC=C4)Br,,
15951865,CC1CNC(=O)C2=C1C3=C(N2)C=CC(=C3)C(=O)NC4=CC=C(C=C4)F,,
15951941,C1CC1CC2(CCC(CC2)S(=O)(=O)CC3CC3)CNC(=O)C4=C(C=C(C=C4)Cl)Cl,,
15951943,CCCS(=O)(=O)C1CCC(CC1)(CC2CC2)CNC(=O)C3=C(C=C(C=C3)Cl)Cl,,
15951956,CC1CNC(=O)C2=C1C3=C(N2)C=CC(=C3)C(=O)NC4=CC=C(C=C4)Br,,
15951958,CC1CNC(=O)C2=C1C3=C(N2)C=CC(=C3)C(=O)NC4=NOC=C4,,
15952051,CC1CNC(=O)C2=C1C3=C(N2)C=CC(=C3)C(=O)NC4=NC=CN=C4,,
15952054,CC1CNC(=O)C2=C1C3=C(N2)C=CC(=C3)C(=O)NC4=CC=CC(=C4)C,,
15952150,CC1CNC(=O)C2=C1C3=C(N2)C=CC(=C3)C(=O)NC4=CC=CC=C4F,,
15952155,CC1CNC(=O)C2=C1C3=C(N2)C=CC(=C3)C(=O)NC4=NC5=CC=CC=C5S4,,
15952316,CCOC1=C(C=CC(=C1)CN2CCC(CC2)NC(=O)C3=CC(=CC=C3)S(=O)(=O)C)Cl,,
15952325,CCS(=O)(=O)C1CCC(CC1)(CC2CC2)CNC(=O)C3=C(C=C(C=C3)Cl)Cl,,
15952435,CC1CNC(=O)C2=C1C3=C(N2)C=CC(=C3)C(=O)NC4=NC(=CS4)C(=O)OC,,
15952436,CC1CNC(=O)C2=C1C3=C(N2)C=CC(=C3)C(=O)NC4=NC=C(S4)C(=O)OC,,
15952825,CC1CNC(=O)C2=C1C3=C(N2)C=CC(=C3)C(=O)NC4=CC=CC=C4,,
15952933,CC1CNC(=O)C2=C1C3=C(N2)C=CC(=C3)C(=O)NC4=CC=C(C=C4)C,,
15952934,CC1CNC(=O)C2=C1C3=C(N2)C=CC(=C3)C(=O)NC4=CC=C(C=C4)C(C)C,,
15953834,CC1([C@H]([C@@H](C2=C(O1)C=CC(=C2)S(=O)(=O)C3=CC=CC=C3)N4C(=O)C5=C(O4)C=C(C=C5)Cl)O)C,,
15956048,CC1=CC(=C(C(=C1)C)N2C(=NN=N2)SCC(=O)NC3=C(C=C(C=C3)C(=O)N)Cl)C,,
15956470,CC(C)CCN1C2=CC=CC=C2N=C1CN3C4=CC=CC=C4N(C3=O)CC5=CC=C(C=C5)C(=O)N[C@@H](CP(=O)(O)O)C(=O)O,,
15956493,C1=CC=C2C(=C1)N=C(N2CCCCO)CN3C4=CC=CC=C4N(C3=O)CC5=CC=C(C=C5)C(=O)N(CC(=O)O)CC(=O)O,,
15956501,CN(C)CCN1C2=CC=CC=C2N=C1CN3C4=CC=CC=C4N(C3=O)CC5=CC=C(C=C5)C(=O)N(C)C,,
15956649,CC(C)(C)NC(=O)NC(=S)NC(=O)C1=CC=CC=C1,,
15956702,CC1=CC(=C(C(=C1)C)N2C(=NN=N2)SCC(=O)NC3=C(C=C(C=C3)C(=O)N)C)C,,
15956703,CC1=CC(=C(C(=C1)C)N2C(=NN=N2)SCC(=O)NC3=C(C=C(C=C3)C(=O)NCCCN(C)C)Cl)C,,
15956784,CN(C)C(=O)C1=CC=C(C=C1)C(C2=CC=C(C=C2)C(=O)N(C)C)OC3=CC(=C(C=C3)C4=NC5=C(N4C6CCCCC6)C=CC(=C5)C(=O)O)F,,
15958720,COC1=CN=C(C2=C1C(=CN2)C(=O)C(=O)N3CCN(CC3)C(=O)C4=CC=CC=C4)C5=NC=NC=C5,,
15958721,COC1=CN=C(C2=C1C(=CN2)C(=O)C(=O)N3CCN(CC3)C(=O)C4=CC=CC=C4)C5=NN=CC=C5,,
15958728,CN1C=C(N=CC1=O)C2=NC=C(C3=C2NC=C3C(=O)C(=O)N4CCN(CC4)C(=O)C5=CC=CC=C5)OC,,
15958730,C1CN(CCN1C(=O)C2=CC=CC=C2)C(=O)C(=O)C3=CNC4=C3C(=CN=C4C5=NC=CO5)F,,
15958734,C1CN(CCN1C(=O)C2=CC=CC=C2)C(=O)C(=O)C3=CNC4=C3C(=CN=C4C5=CN=CO5)F,,
15958735,C1CN(CCN1C(=O)C2=CC=CC=C2)C(=O)C(=O)C3=CNC4=C3C(=CN=C4C5=NOC=N5)F,,
15958744,COC1=CN=C(C2=C1C(=CN2)C(=O)C(=O)N3CCN(CC3)C(=O)C4=CC=CC=C4)C5=CN=CC(=O)N5,,
15958756,COC1=CN=C(C2=C1C(=CN2)C(=O)C(=O)N3CCN(CC3)C(=O)C4=CC=CC=C4)C5=CSC=N5,,
15958769,COC1=CN=C(C2=C1C(=CN2)C(=O)C(=O)N3CCN(CC3)C(=O)C4=CC=CC=C4)N5C=NC=N5,,
15958770,COC1=CN=C(C2=C1C(=CN2)C(=O)C(=O)N3CCN(CC3)C(=O)C4=CC=CC=C4)N5C=CN=N5,,
15958771,COC1=CN=C(C2=C1C(=CN2)C(=O)C(=O)N3CCN(CC3)C(=O)C4=CC=CC=C4)N5C=CC=N5,,
15958772,CC1=NN(C=C1)C2=NC=C(C3=C2NC=C3C(=O)C(=O)N4CCN(CC4)C(=O)C5=CC=CC=C5)OC,,
15958773,CC1=CN(N=C1)C2=NC=C(C3=C2NC=C3C(=O)C(=O)N4CCN(CC4)C(=O)C5=CC=CC=C5)OC,,
15958783,CCOC(=O)C1=CC(=NN1)C2=NC=C(C3=C2NC=C3C(=O)C(=O)N4CCN(CC4)C(=O)C5=CC=CC=C5)F,,
15958784,C1CN(CCN1C(=O)C2=CC=CC=C2)C(=O)C(=O)C3=CNC4=C3C(=CN=C4C5=NNC(=C5)C(=O)N)F,,
15958785,CNC(=O)C1=CC(=NN1)C2=NC=C(C3=C2NC=C3C(=O)C(=O)N4CCN(CC4)C(=O)C5=CC=CC=C5)F,,
15958786,CN(C)C(=O)C1=CC(=NN1)C2=NC=C(C3=C2NC=C3C(=O)C(=O)N4CCN(CC4)C(=O)C5=CC=CC=C5)F,,
15958787,C1CN(CCN1C(=O)C2=CC=CC=C2)C(=O)C(=O)C3=CNC4=C3C(=CN=C4C5=NNC(=C5)C(=O)NCCN6CCOCC6)F,,
15958789,C1CN(CCN1C(=O)C2=CC=CC=C2)C(=O)C(=O)C3=CNC4=C3C(=CN=C4N5C=NC=N5)F,,
15958790,C1CN(CCN1C(=O)C2=CC=CC=C2)C(=O)C(=O)C3=CNC4=C3C(=CN=C4N5N=CC=N5)F,,
15958791,C1CN(CCN1C(=O)C2=CC=CC=C2)C(=O)C(=O)C3=CNC4=C3C(=CN=C4N5C=CN=C5)F,,
15958792,C1CN(CCN1C(=O)C2=CC=CC=C2)C(=O)C(=O)C3=CNC4=C3C(=CN=C4N5C=CC=N5)F,,
15958805,COC1=CN=C(C2=C1C(=CN2)C(=O)C(=O)N3CCN(CC3)C(=O)C4=CC=CC=C4)N5C=CC(=N5)N,,
15958808,CCNC(=O)C1=NN(C=N1)C2=NC=C(C3=C2NC=C3C(=O)C(=O)N4CCN(CC4)C(=O)C5=CC=CC=C5)OC,,
15958809,CNC(=O)C1=NN(C=N1)C2=NC=C(C3=C2NC=C3C(=O)C(=O)N4CCN(CC4)C(=O)C5=CC=CC=C5)OC,,
15958810,CN(C)C(=O)C1=NN(C=N1)C2=NC=C(C3=C2NC=C3C(=O)C(=O)N4CCN(CC4)C(=O)C5=CC=CC=C5)OC,,
15958811,CNC(=O)C1=NN(C=C1)C2=NC=C(C3=C2NC=C3C(=O)C(=O)N4CCN(CC4)C(=O)C5=CC=CC=C5)OC,,
15958824,CCCSC1=NN(C=N1)C2=NC=C(C3=C2NC=C3C(=O)C(=O)N4CCN(CC4)C(=O)C5=CC=CC=C5)OC,,
15958825,CCCS(=O)(=O)C1=NN(C=N1)C2=NC=C(C3=C2NC=C3C(=O)C(=O)N4CCN(CC4)C(=O)C5=CC=CC=C5)OC,,
15958826,COC1=CN=C(C2=C1C(=CN2)C(=O)C(=O)N3CCN(CC3)C(=O)C4=CC=CC=C4)N5C=NC(=N5)OC,,
15958837,CC1=NN(C=N1)C2=NC=C(C3=C2NC=C3C(=O)C(=O)N4CCN(CC4)C(=O)C5=CC=CC=C5)F,,
15958838,CC1=NC=NN1C2=NC=C(C3=C2NC=C3C(=O)C(=O)N4CCN(CC4)C(=O)C5=CC=CC=C5)F,,
15958840,CC1=NN(C=C1)C2=NC=C(C3=C2NC=C3C(=O)C(=O)N4CCN(CC4)C(=O)C5=CC=CC=C5)F,,
15958842,CC1=CC=NN1C2=NC=C(C3=C2NC=C3C(=O)C(=O)N4CCN(CC4)C(=O)C5=CC=CC=C5)F,,
15958845,CC1=NC=NN1C2=NC=C(C3=C2NC=C3C(=O)C(=O)N4CCN(CC4)C(=O)C5=CC=CC=C5)OC,,
15958846,CCC1=NN(C=N1)C2=NC=C(C3=C2NC=C3C(=O)C(=O)N4CCN(CC4)C(=O)C5=CC=CC=C5)OC,,
15958847,COCC1=NN(C=N1)C2=NC=C(C3=C2NC=C3C(=O)C(=O)N4CCN(CC4)C(=O)C5=CC=CC=C5)OC,,
15958848,CC1=CN(N=N1)C2=NC=C(C3=C2NC=C3C(=O)C(=O)N4CCN(CC4)C(=O)C5=CC=CC=C5)OC,,
15958855,COC1=CN=C(C2=C1C(=CN2)C(=O)C(=O)N3CCN(CC3)C(=O)C4=CC=CC=C4)N5C=C(C=N5)F,,
15958865,C[C@@H]1CN(CCN1C(=O)C2=CC=CC=C2)C(=O)C(=O)C3=CNC4=C3C(=CN=C4N5C=CC(=N5)CO)OC,,
15958868,C[C@@H]1CN(CCN1C(=O)C2=CC=CC=C2)C(=O)C(=O)C3=CNC4=C3C(=CN=C4N5C=CC(=N5)CN(C)C)OC,,
15958869,C[C@@H]1CN(CCN1C(=O)C2=CC=CC=C2)C(=O)C(=O)C3=CNC4=C3C(=CN=C4N5C=CC(=N5)C)OC,,
15958872,C[C@@H]1CN(CCN1C(=O)C2=CC=CC=C2)C(=O)C(=O)C3=CNC4=C3C(=CN=C4N5C(=CC=N5)N)OC,,
15958873,C[C@@H]1CN(CCN1C(=O)C2=CC=CC=C2)C(=O)C(=O)C3=CNC4=C3C(=CN=C4N5C=CN=N5)OC,,
15958889,C[C@@H]1CN(CCN1C(=O)C2=CC=CC=C2)C(=O)C(=O)C3=CNC4=C3C(=CN=C4N5C=NC(=N5)C)OC,,
15958890,CCC1=NN(C=N1)C2=NC=C(C3=C2NC=C3C(=O)C(=O)N4CCN([C@@H](C4)C)C(=O)C5=CC=CC=C5)OC,,
15958891,C[C@@H]1CN(CCN1C(=O)C2=CC=CC=C2)C(=O)C(=O)C3=CNC4=C3C(=CN=C4N5C=NC(=N5)COC)OC,,
15958892,C[C@@H]1CN(CCN1C(=O)C2=CC=CC=C2)C(=O)C(=O)C3=CNC4=C3C(=CN=C4N5C=C(N=N5)C)OC,,
15958906,C[C@H]1CN(CCN1C(=O)C2=CC=CC=C2)C(=O)C(=O)C3=CNC4=C3C(=CN=C4N5C=NC(=N5)C)OC,,
15958907,C1CN(CCN1C(=O)C2=CC=CC=C2)C(=O)C(=O)C3=CNC4=C(C=CN=C34)N5N=CC=N5,,
15958908,C1CN(CCN1C(=O)C2=CC=CC=C2)C(=O)C(=O)C3=CNC4=C(C=CN=C34)N5C=CN=N5,,
15958909,C1CN(CCN1C(=O)C2=CC=CC=C2)C(=O)C(=O)C3=CNC4=C(C=CN=C34)N5C=NC=N5,,
15958910,C1CN(CCN1C(=O)C2=CC=CC=C2)C(=O)C(=O)C3=CNC4=C(C=CN=C34)N5C=CC=N5,,
15958911,C1CN(CCN1C(=O)C2=CC=CC=C2)C(=O)C(=O)C3=CNC4=C(C=CN=C34)C5=NC=CO5,,
15958913,C[C@@H]1CN(CCN1C(=O)C2=CC=CC=C2)C(=O)C(=O)C3=CNC4=C(C=CN=C34)N5N=CC=N5,,
15958914,C[C@@H]1CN(CCN1C(=O)C2=CC=CC=C2)C(=O)C(=O)C3=CNC4=C(C=CN=C34)N5C=CC(=N5)C,,
15958920,C[C@@H]1CN(CCN1C(=O)C2=CC=CC=C2)C(=O)C(=O)C3=CNC4=C(C=CN=C34)C5=NC=CO5,,
15958923,CNC(=O)C1=NC=C(C2=C1NC=C2C(=O)C(=O)N3CCN(CC3)C(=O)C4=CC=CC=C4)F,,
15958924,C1CN(CCN1C(=O)C2=CC=CC=C2)C(=O)C(=O)C3=CNC4=C3C(=CN=C4C(=O)N)F,,
15959081,C1=CC=C(C(=C1)CC2=NNC(=O)C3=CC=CC=C32)Cl,,
15959084,CN1C(=O)C2=CC=CC=C2C(=N1)CC3=CC4=C(C=C3)OCO4,,
15959086,CN1C(=O)C2=CC=CC=C2C(=N1)CC3=CC4=CC=CC=C4C=C3,,
15959111,CSC1=CC=C(C=C1)CC2=NNC(=O)C3=CC=CC=C32,,
15959112,C1OC2=C(O1)C=C(C=C2)CC3=NNC(=O)C4=CC=CC=C43,,
15959115,CN1C(=O)C2=CC=CC=C2C(=N1)CC3=CC(=C(C=C3)OC)OC,,
15959119,C=CCN1C(=O)C2=CC=CC=C2C(=N1)CC3=CC=C(C=C3)Cl,,
15959225,CC1=CC=C(C=C1)N(C(=O)C2=CC(=CC=C2)[N+](=O)[O-])C(=S)OCCN3C(=O)C4=CC=CC=C4C3=O,,
15976119,CC1=C(C=C(C=C1)C(=O)NCC2CCN(CC2)/C(=N/C(=O)OCC3=CC=CC=C3)/N)OCCC4=C(C=C(C=C4)Cl)Cl,,
15979039,CN1CCN(CC1)CC2=CC=C(C=C2)C(=O)NN(CC3CCCC3)C4=NC(=NC=C4Br)C#N,,
15979284,C1=CC(=CC=C1C2=C(C(=CC(=C2)C3=CC=C(C=C3)Cl)C(=O)N)N)S(=O)(=O)N,,
15980106,C1CN(CCC1(F)F)C2=CC(=NC=C2)NC3=NC=C(S3)C4=CC(=CC=C4)C(=O)NCCN,,
15980807,CC(C)CN(CCCC1=CNC2=C1C=C(C=C2)F)C3CC4=C(C=CC5=C4C(=O)NCC5)OC3,,
15980808,C1CC1CN(CCCC2=CNC3=C2C=C(C=C3)F)C4CC5=C(C=CC6=C5C(=O)NCC6)OC4,,
15980809,C1CC(C1)N(CCCC2=CNC3=C2C=C(C=C3)F)C4CC5=C(C=CC6=C5C(=O)NCC6)OC4,,
15980810,CC(C)N(CCCC1=CNC2=C1C=C(C=C2)F)C3CC4=C(C=CC5=C4C(=O)NCC5)OC3,,
15980852,C1CNC(=O)C2=C1C=CC3=C2CC(CO3)N(CCCC4=CNC5=C4C=C(C=C5)F)CCC(F)(F)F,,
15980853,C1CNC(=O)C2=C3CC(COC3=C(C=C21)F)NCCCC4=CNC5=C4C=C(C=C5)F,,
15980854,C1CC1CN(CCCC2=CNC3=C2C=C(C=C3)F)C4CC5=C6C(=CC(=C5OC4)F)CCNC6=O,,
15980895,CCN(CCCC1=CNC2=C1C=C(C=C2)F)C3CC4=C5C(=CC(=C4OC3)F)CCNC5=O,,
15981292,C1COCCN1C2=CC=C(C=C2)NC(=O)C3=NN=C(O3)NC(=O)C4=CC=C(C=C4)Cl,,
15981486,CCNC1=CC(=C(C(=C1)N2CCCCS2(=O)=O)F)C(=O)N[C@@H](CC3=CC=CC=C3)[C@@H](CNCC4=CC(=CC=C4)C(F)(F)F)O,,
15981966,C1=CC2=C(C=C3C=CNC(=O)C3=C2C=C1Br)C#N,,
15982230,C1=CC2=C(C=C3C=CNC(=O)C3=C2C=C1Cl)CCC#N,,
15982231,C1=CC2=C(C=C3C=CNC(=O)C3=C2C=C1Cl)CCCN,,
15982234,C1=CC2=C(C=C3C=CNC(=O)C3=C2C=C1Br)CCCN,,
15982236,C1=CC2=C(C=C3C=CNC(=O)C3=C2C=C1Br)CO,,
15982355,C1=CC2=C(C=C3C=CNC(=O)C3=C2C=C1Br)CCN,,
15982356,C1=CC2=C(C=C3C=CNC(=O)C3=C2C=C1C4=CC=NN4)CCN,,
15982488,C1=CC2=C(C=C1C3=CNN=C3)C4=C(C=C2CCCN)C(=CNC4=O)Br,,
15982612,C1=CC=C(C=C1)C2=CNC(=O)C3=C2C=C(C4=C3C=C(C=C4)C5=CNN=C5)CCCN,,
15982613,C1=CC(=CC=C1C2=CNC(=O)C3=C2C=C(C4=C3C=C(C=C4)C5=CNN=C5)CCCN)O,,
15982616,C1=CC2=C(C=C1C3=CNN=C3)C4=C(C=C2CCCN)C(=CNC4=O)C5=C(C=C(C=C5)Cl)Cl,,
15982749,C1=CC(=CC=C1C2=CNC(=O)C3=C2C=C(C4=C3C=C(C=C4)C5=CNN=C5)CCCN)Cl,,
15982884,C1=CC2=C(C=C3C=CNC(=O)C3=C2C=C1C#N)CCCN,,
15982885,C1=CC2=C(C=C3C=CNC(=O)C3=C2C=C1C(=O)N)CCCN,,
15982887,C1=CC2=C(C=C3C=CNC(=O)C3=C2C=C1Br)CCO,,
15982889,CNCCC1=C2C=CC(=CC2=C3C(=C1)C=CNC3=O)Br,,
15983017,CN(C)CCC1=C2C=CC(=CC2=C3C(=C1)C=CNC3=O)Br,,
15984045,COC1=CC2=C(C(=C3C(=C2OC)CN(C3=O)CC4=CC=C(C=C4)F)O)N=C1,,
15984046,COC1=C2CN(C(=O)C2=C(C3=C1C=C(C=N3)F)O)CC4=CC=C(C=C4)F,,
15984047,C1COCCN1C(=O)C2=C3C=CC=NC3=C(C4=C2CN(C4=O)CC5=CC=C(C=C5)F)O,,
15984085,COC1=C(C=C(C=C1)Cl)S(=O)(=O)N2CCC3=C2C=C(C=C3)C(=O)NC4=CC=C(C=C4)C(=O)O,,
15984110,COC1=C(C=C(C=C1)NCC2=CC=C(C=C2)C(=O)NC3=CC=CC=C3N)OC,,
15984121,CC1=CC=C(C=C1)C(=O)N(CCCN)C(C2CC2)C3=NN4C(=CC=C4Cl)C(=O)N3CC5=CC=CC=C5,,
15985249,CCCN1CC2=C(C1=O)C=CC(=C2)C3=C(N(N=N3)C4=C(N=CC=C4)F)C,,
15985251,CC1=C(N=NN1C2=C(C=C(C=C2)F)F)C3=CC4=C(C=C3)C(=O)N(C4)C(C)C,,
15986419,C1C2CC3CC1CC(C2)(C3)C4=C(C=CC(=C4)C5=CC6=C(C=C5)C=C(C=C6)C(=O)NO)O,,
15986762,C[C@](C1=CC=C(C=C1)C(=O)N(C2CCC(CC2)CC(=O)N)C3CC3)(C(F)(F)F)O,,
15986917,C1CCN(CC1)CCCOC2=CC=C(C=C2)N3CCN(CC3=O)C(=O)C4=CC=C(C=C4)F,,
15987265,CC1=CN=C(N=C1N(C)C)NC2CCC(CC2)CNC(=O)C3=CC(=CC(=C3)C(F)(F)F)C(F)(F)F,,
15987282,CS(=O)(=O)C1=CC=C(C=C1)C(=O)N2CCN(C(=O)C2)C3=CC=C(C=C3)OCCCN4CCCCC4,,
15987307,CC(C1=CC=C(C=C1)C(=O)N(CC2CC2)C3CCCCC3)(C(F)(F)F)O,,
15987396,C[C@](C1=CC=C(C=C1)C(=O)N(C2CCC(CC2)CCC#N)C3CC3)(C(F)(F)F)O,,
15987397,C[C@](C1=CC=C(C=C1)C(=O)N(C2CCC(CC2)CCC(=O)N)C3CC3)(C(F)(F)F)O,,
15987451,C1CCN(C1)CCCOC2=CC=C(C=C2)N3CCN(CC3=O)C(=O)C4=CC(=CC(=C4)F)F,,
15987452,C1CCN(C1)CCCOC2=CC=C(C=C2)N3CCN(CC3=O)C(=O)C4=C(C=C(C=C4)F)F,,
15987476,C[C@](C1=CC=C(C=C1)C(=O)N(C2CC2)C3CCC(CC3)F)(C(F)(F)F)O,,
15987477,C[C@](C1=CC=C(C=C1)C(=O)N(C2CCC(CC2)CC(C)(C)C#N)C3CC3)(C(F)(F)F)O,,
15987516,CCC1=CC=C(C=C1)OCC(=O)NC2=C(C=CC(=C2)C3=NC4=C(O3)C=CC(=C4)C)C,,
15987560,CC1=CC=C(C=C1)C(=O)NC2(C(=O)N(C(=N2)C3=CC=CC=C3)CC4=CC=C(C=C4)OC)C(F)(F)F,,
15987599,CN1C=C(C2=CC=CC=C2C1=O)C(=O)NC3=CC=C(C=C3)C#N,,
15987637,CCN1CCN(CC1)C2=NC3=C(C=C(C=C3)NC(=O)C4=CC(=CC=C4)Cl)C(=C2)C,,
15987638,CCN1CCN(CC1)C2=NC3=C(C=C(C=C3)NC(=O)C4=C(C=CC(=C4)Cl)OC)C(=C2)C,,
15987645,CCN1CCN(CC1)C2=NC3=C(C=C(C=C3)NC(=O)C4=CC(=CC(=C4)OC)OC)C(=C2)C,,
15987651,CCN1CCN(CC1)C2=NC3=C(C=C(C=C3)NC(=O)C4=CC(=CC=C4)C(F)(F)F)C(=C2)C,,
15987793,CCN(CC)C1=NC2=C(C=C(C=C2)NC(=O)C3=CC(=CC=C3)OC)C(=C1)C,,
15987804,CCN(CC)C1=NC2=C(C=C(C=C2)NC(=O)C3=CC(=CC=C3)F)C(=C1)C,,
15987876,CC1=CC(=NC2=C1C=C(C=C2)NC(=O)C3=CC=CC=C3F)N4CCN(CC4)C,,
15987878,CCOC1=CC(=CC(=C1OCC)OCC)C(=O)NC2=CC3=C(C=C2)N=C(C=C3C)N4CCN(CC4)C,,
15987901,CCN1C=C(C2=CC(=C(C=C2C1=O)OC)OC)C(=O)N3CCN(CC3)C4=CC=C(C=C4)OC,,
15988093,COCCN1C(=O)C2=C(C=C(C=C2)C(=O)NCC3=CC=CC=C3Cl)NC1=O,,
15988128,COC1=CC=C(C=C1)CN2C(=O)C3=C(C=C(C=C3)C(=O)N4CCN(CC4)C5=CC=CC=C5)NC2=O,,
15988744,COC1=CC=C(C=C1)NC(=O)C2=CC=C(C=C2)NC(=O)CCS(=O)(=O)C3=CC=CS3,,
15989210,COC1=C(C=C(C=C1)CCNC(=O)CCN2C(=O)C3=CC=CC=C3N(C2=O)CC4=CC=CC=C4F)OC,,
15989301,COC1=C(C=C(C=C1)CCNC(=O)CCCN2C(=O)C3=CC=CC=C3N(C2=O)CC4=CC=CC=C4)OC,,
15989328,C1OC2=C(O1)C=C(C=C2)CN3C(=O)C4=CC=CC=C4N(C3=O)CC(=O)NC5=CC(=CC=C5)Cl,,
15989347,C1=CC=C(C(=C1)CNC(=O)CCCCN2C(=O)C3=CC=CC=C3N(C2=O)CC4=CC=C(C=C4)Cl)Cl,,
15989355,CC1=CC=C(C=C1)NC(=O)CN2C3=CC=CC=C3C(=O)N(C2=O)CCCCC(=O)NCC4=CC=CC=C4Cl,,
15989357,CC1=CC(=C(C=C1)C)CN2C3=CC=CC=C3C(=O)N(C2=O)CCCCC(=O)NCC4=CC=CC=C4Cl,,
